epoch,step,train/cardinality_error,train/cardinality_error_0,train/cardinality_error_1,train/cardinality_error_enc,train/class_error,train/loss,train/loss_bbox,train/loss_bbox_0,train/loss_bbox_1,train/loss_bbox_enc,train/loss_ce,train/loss_ce_0,train/loss_ce_1,train/loss_ce_enc,train/loss_giou,train/loss_giou_0,train/loss_giou_1,train/loss_giou_enc,train/lr,train/lr_max,train/lr_min,val/AP/BODY,val/AP/TAIL,val/F1,val/cardinality_error,val/cardinality_error_0,val/cardinality_error_1,val/cardinality_error_enc,val/class_error,val/ema_mAP_50,val/ema_mAP_50_95,val/ema_mAR,val/loss,val/loss_bbox,val/loss_bbox_0,val/loss_bbox_1,val/loss_bbox_enc,val/loss_ce,val/loss_ce_0,val/loss_ce_1,val/loss_ce_enc,val/loss_giou,val/loss_giou_0,val/loss_giou_1,val/loss_giou_enc,val/mAP_50,val/mAP_50_95,val/mAP_75,val/mAR,val/precision,val/recall
0,49,,,,,,,,,,,,,,,,,,,0.0005000000237487257,0.0005000000237487257,3.232564267818816e-06,,,,,,,,,,,,,,,,,,,,,,,,,,,,,,
0,98,,,,,,,,,,,,,,,,,,,,,,0.11138564348220825,0.2671080529689789,0.5606616139411926,0.6202830076217651,0.7558962106704712,0.7099056839942932,0.8301886916160583,4.15066385269165,0.47442352771759033,0.18876169621944427,0.5451944470405579,8.36709213256836,0.11325442045927048,0.11040804535150528,0.11119348555803299,0.11539459228515625,0.8440661430358887,0.8709088563919067,0.8452631831169128,0.8664274215698242,0.3260062634944916,0.3317843973636627,0.330769807100296,0.3560265302658081,0.4727799594402313,0.18924684822559357,0.12583567202091217,0.546897292137146,0.5793437957763672,0.5431970357894897
0,98,14.378156661987305,10.60243034362793,13.863794326782227,9.751262664794922,9.85781192779541,5.741260051727295,0.0497656911611557,0.05208700895309448,0.05090320110321045,0.08742597699165344,0.7146827578544617,0.8929799199104309,0.7489132881164551,0.8948927521705627,0.1379787027835846,0.1446516364812851,0.1408097743988037,0.22100014984607697,,,,,,,,,,,,,,,,,,,,,,,,,,,,,,,,,
1,99,,,,,,,,,,,,,,,,,,,0.0005000000237487257,0.0005000000237487257,3.232564267818816e-06,,,,,,,,,,,,,,,,,,,,,,,,,,,,,,
1,149,,,,,,,,,,,,,,,,,,,0.0005000000237487257,0.0005000000237487257,3.232564267818816e-06,,,,,,,,,,,,,,,,,,,,,,,,,,,,,,
1,197,,,,,,,,,,,,,,,,,,,,,,0.09860072284936905,0.27698346972465515,0.5706101059913635,0.411556601524353,0.46933960914611816,0.44221699237823486,0.5117924809455872,5.069273948669434,0.47418922185897827,0.18835727870464325,0.60972660779953,8.629631042480469,0.1134839877486229,0.1206468939781189,0.11565574258565903,0.12114060670137405,0.8841629028320312,0.8566807508468628,0.863649308681488,0.878058135509491,0.3314555883407593,0.35159990191459656,0.3393813371658325,0.3737851679325104,0.47038447856903076,0.1877920925617218,0.13053211569786072,0.6059228181838989,0.584061324596405,0.5625613927841187
1,197,18.039772033691406,17.007102966308594,17.852115631103516,15.940025329589844,1.3967698812484741,4.4071526527404785,0.04090474173426628,0.04418761283159256,0.04135831072926521,0.0774991512298584,0.5046015381813049,0.5997945070266724,0.5278757810592651,0.6750211715698242,0.11372682452201843,0.12119937688112259,0.11507069319486618,0.1900588870048523,,,,,,,,,,,,,,,,,,,,,,,,,,,,,,,,,
2,199,,,,,,,,,,,,,,,,,,,0.0005000000237487257,0.0005000000237487257,3.232564267818816e-06,,,,,,,,,,,,,,,,,,,,,,,,,,,,,,
2,249,,,,,,,,,,,,,,,,,,,0.0005000000237487257,0.0005000000237487257,3.232564267818816e-06,,,,,,,,,,,,,,,,,,,,,,,,,,,,,,
2,296,,,,,,,,,,,,,,,,,,,,,,0.11657498776912689,0.3064447343349457,0.6087844371795654,0.4799528419971466,0.42688679695129395,0.5129716992378235,0.5955188870429993,4.333897113800049,0.5076854825019836,0.20363755524158478,0.6145364046096802,8.331067085266113,0.11043398082256317,0.11550039052963257,0.10995490849018097,0.11805479228496552,0.8258496522903442,0.8715950846672058,0.8402433395385742,0.857809841632843,0.3192153871059418,0.3347424864768982,0.3193773329257965,0.35958895087242126,0.5211820006370544,0.2115098536014557,0.15378068387508392,0.6066577434539795,0.6095379590988159,0.6094589829444885
2,296,18.229324340820312,17.66714096069336,18.2042293548584,16.313920974731445,1.0581048727035522,4.104288101196289,0.03606381639838219,0.04010750725865364,0.036986857652664185,0.07141438126564026,0.4697793126106262,0.5589902997016907,0.48634690046310425,0.6635903120040894,0.10347694158554077,0.11223950982093811,0.10552971810102463,0.18011364340782166,,,,,,,,,,,,,,,,,,,,,,,,,,,,,,,,,
3,299,,,,,,,,,,,,,,,,,,,0.0005000000237487257,0.0005000000237487257,3.232564267818816e-06,,,,,,,,,,,,,,,,,,,,,,,,,,,,,,
3,349,,,,,,,,,,,,,,,,,,,0.0005000000237487257,0.0005000000237487257,3.232564267818816e-06,,,,,,,,,,,,,,,,,,,,,,,,,,,,,,
3,395,,,,,,,,,,,,,,,,,,,,,,0.12465716153383255,0.24352429807186127,0.5936443209648132,0.23466980457305908,0.3667452931404114,0.275943398475647,0.3561320900917053,2.218165874481201,0.5127739310264587,0.2018636167049408,0.650704026222229,8.897590637207031,0.12209581583738327,0.11787939071655273,0.12165907770395279,0.13372810184955597,0.8900506496429443,0.8362371921539307,0.8999238610267639,0.8851900696754456,0.3583497703075409,0.3501870930194855,0.35827580094337463,0.38787585496902466,0.49490633606910706,0.1840907335281372,0.11447595059871674,0.6055406928062439,0.5991013050079346,0.5883145928382874
3,395,18.407196044921875,17.915878295898438,18.341856002807617,16.720958709716797,0.9214159250259399,4.051969051361084,0.03704140707850456,0.040502626448869705,0.03766408562660217,0.07013487815856934,0.46292826533317566,0.5321730375289917,0.47727134823799133,0.6406553387641907,0.10682929307222366,0.11369166523218155,0.10805567353963852,0.17753589153289795,,,,,,,,,,,,,,,,,,,,,,,,,,,,,,,,,
4,399,,,,,,,,,,,,,,,,,,,0.0005000000237487257,0.0005000000237487257,3.232564267818816e-06,,,,,,,,,,,,,,,,,,,,,,,,,,,,,,
4,449,,,,,,,,,,,,,,,,,,,0.0005000000237487257,0.0005000000237487257,3.232564267818816e-06,,,,,,,,,,,,,,,,,,,,,,,,,,,,,,
4,494,,,,,,,,,,,,,,,,,,,,,,0.1088465005159378,0.2649860382080078,0.5886421799659729,0.36320754885673523,0.2971698045730591,0.46226415038108826,0.6179245114326477,2.6277523040771484,0.5135135054588318,0.20227301120758057,0.6373457312583923,8.815693855285645,0.12602654099464417,0.1307981312274933,0.12548241019248962,0.12899835407733917,0.8397618532180786,0.872183084487915,0.8279200196266174,0.8198674321174622,0.3499823212623596,0.3618386685848236,0.35084182024002075,0.387054443359375,0.4917645752429962,0.1869162768125534,0.12410806864500046,0.5944561958312988,0.5847501158714294,0.593749463558197
4,494,18.454387664794922,18.0102596282959,18.441919326782227,17.069602966308594,1.1014246940612793,4.119168281555176,0.03893569856882095,0.04156222566962242,0.039023127406835556,0.07591504603624344,0.46304646134376526,0.52085280418396,0.4796811044216156,0.6320579051971436,0.11060655862092972,0.11490917950868607,0.11011265218257904,0.18754661083221436,,,,,,,,,,,,,,,,,,,,,,,,,,,,,,,,,
5,499,,,,,,,,,,,,,,,,,,,0.0005000000237487257,0.0005000000237487257,3.232564267818816e-06,,,,,,,,,,,,,,,,,,,,,,,,,,,,,,
5,549,,,,,,,,,,,,,,,,,,,0.0005000000237487257,0.0005000000237487257,3.232564267818816e-06,,,,,,,,,,,,,,,,,,,,,,,,,,,,,,
5,593,,,,,,,,,,,,,,,,,,,,,,0.1442565768957138,0.25037145614624023,0.613259494304657,0.26650944352149963,0.33018869161605835,0.28891509771347046,0.35849055647850037,3.6708762645721436,0.5121331214904785,0.20269887149333954,0.6019782423973083,8.881291389465332,0.1250329315662384,0.12753526866436005,0.12747888267040253,0.1356794536113739,0.8194129467010498,0.8425899147987366,0.834904134273529,0.8607475161552429,0.35084426403045654,0.3637109100818634,0.35803306102752686,0.3999139964580536,0.5118208527565002,0.19731400907039642,0.13073505461215973,0.6065687537193298,0.5998348593711853,0.6275447607040405
5,593,18.47332763671875,17.933238983154297,18.40151596069336,17.081754684448242,0.8479874730110168,4.349058628082275,0.04166047275066376,0.046697020530700684,0.041680529713630676,0.08657297492027283,0.4711717665195465,0.5283263921737671,0.48113447427749634,0.6448910236358643,0.11774735152721405,0.12695163488388062,0.1175088956952095,0.20803187787532806,,,,,,,,,,,,,,,,,,,,,,,,,,,,,,,,,
6,599,,,,,,,,,,,,,,,,,,,0.0005000000237487257,0.0005000000237487257,3.232564267818816e-06,,,,,,,,,,,,,,,,,,,,,,,,,,,,,,
6,649,,,,,,,,,,,,,,,,,,,0.0005000000237487257,0.0005000000237487257,3.232564267818816e-06,,,,,,,,,,,,,,,,,,,,,,,,,,,,,,
6,692,,,,,,,,,,,,,,,,,,,,,,0.14074251055717468,0.29006141424179077,0.6158261299133301,0.3691037595272064,0.5636792182922363,0.49056604504585266,0.5495283007621765,3.8756675720214844,0.5247623324394226,0.21216727793216705,0.6284395456314087,8.198163986206055,0.1110411137342453,0.10962803661823273,0.10726399719715118,0.11962416768074036,0.8176194429397583,0.8291473984718323,0.8219261765480042,0.827631413936615,0.3213750720024109,0.3270464241504669,0.31874504685401917,0.3648605942726135,0.5299938917160034,0.21540196239948273,0.15268278121948242,0.6556821465492249,0.6326099038124084,0.6013878583908081
6,692,18.745580673217773,18.344539642333984,18.633207321166992,17.935922622680664,0.8336889743804932,3.8852224349975586,0.03662204369902611,0.04043619707226753,0.03744647651910782,0.07136572152376175,0.4333033263683319,0.48417016863822937,0.4479401707649231,0.5876461863517761,0.10439836978912354,0.11231892555952072,0.10625865310430527,0.17842938005924225,,,,,,,,,,,,,,,,,,,,,,,,,,,,,,,,,
7,699,,,,,,,,,,,,,,,,,,,0.0005000000237487257,0.0005000000237487257,3.232564267818816e-06,,,,,,,,,,,,,,,,,,,,,,,,,,,,,,
7,749,,,,,,,,,,,,,,,,,,,0.0005000000237487257,0.0005000000237487257,3.232564267818816e-06,,,,,,,,,,,,,,,,,,,,,,,,,,,,,,
7,791,,,,,,,,,,,,,,,,,,,,,,0.09339381009340286,0.2589736878871918,0.5513918995857239,0.3455188572406769,0.39858490228652954,0.3419811427593231,0.5448113083839417,4.313539981842041,0.5148158669471741,0.20471590757369995,0.6405529379844666,9.05863094329834,0.125218465924263,0.12967830896377563,0.12692636251449585,0.13496296107769012,0.8735443949699402,0.8717756271362305,0.8716170191764832,0.8777981400489807,0.35579946637153625,0.3719403147697449,0.36078888177871704,0.4014539122581482,0.447953462600708,0.1761837601661682,0.11536803096532822,0.6323820352554321,0.5414725542068481,0.5620807409286499
7,791,18.512784957885742,18.193023681640625,18.47443199157715,17.600852966308594,0.9200052618980408,4.008748531341553,0.04029296711087227,0.04170258343219757,0.040719278156757355,0.07337480038404465,0.4445660412311554,0.48507699370384216,0.4536866545677185,0.6015653610229492,0.11218883097171783,0.11519590020179749,0.11267228424549103,0.18164457380771637,,,,,,,,,,,,,,,,,,,,,,,,,,,,,,,,,
8,799,,,,,,,,,,,,,,,,,,,0.0005000000237487257,0.0005000000237487257,3.232564267818816e-06,,,,,,,,,,,,,,,,,,,,,,,,,,,,,,
8,849,,,,,,,,,,,,,,,,,,,0.0005000000237487257,0.0005000000237487257,3.232564267818816e-06,,,,,,,,,,,,,,,,,,,,,,,,,,,,,,
8,890,,,,,,,,,,,,,,,,,,,,,,0.10045243054628372,0.29348358511924744,0.5843057036399841,0.4316037595272064,0.375,0.3938679099082947,0.5672169923782349,4.111787796020508,0.5091384649276733,0.20390692353248596,0.6499409079551697,8.59205150604248,0.11508708447217941,0.1248009130358696,0.11623512208461761,0.1253427267074585,0.8178190588951111,0.8437529802322388,0.8299976587295532,0.8434922695159912,0.33488354086875916,0.3515474498271942,0.33983224630355835,0.39856740832328796,0.4901520907878876,0.19696800410747528,0.1370089203119278,0.6048089861869812,0.5814037919044495,0.587236762046814
8,890,18.613004684448242,18.316919326782227,18.589330673217773,17.73832130432129,0.8510376811027527,3.69181489944458,0.033885546028614044,0.037237826734781265,0.03448152914643288,0.06885063648223877,0.412320077419281,0.4588419198989868,0.4244024455547333,0.5786111950874329,0.09680363535881042,0.10392661392688751,0.09826478362083435,0.17368659377098083,,,,,,,,,,,,,,,,,,,,,,,,,,,,,,,,,
9,899,,,,,,,,,,,,,,,,,,,0.0005000000237487257,0.0005000000237487257,3.232564267818816e-06,,,,,,,,,,,,,,,,,,,,,,,,,,,,,,
9,949,,,,,,,,,,,,,,,,,,,0.0005000000237487257,0.0005000000237487257,3.232564267818816e-06,,,,,,,,,,,,,,,,,,,,,,,,,,,,,,
9,989,,,,,,,,,,,,,,,,,,,,,,0.13103576004505157,0.27664414048194885,0.5999124646186829,0.3396226465702057,0.510613203048706,0.39858490228652954,0.4988207519054413,3.2094902992248535,0.510376513004303,0.20606735348701477,0.6136606335639954,8.544788360595703,0.11897324025630951,0.11627180874347687,0.12019863724708557,0.12426797300577164,0.8191889524459839,0.8491889834403992,0.8249350786209106,0.8562671542167664,0.3374069929122925,0.3378663957118988,0.3446212410926819,0.37843024730682373,0.5088931322097778,0.20383994281291962,0.1398901343345642,0.568605899810791,0.6108875274658203,0.5893248319625854
9,989,18.74526596069336,18.52888298034668,18.723169326782227,18.060606002807617,0.7465699911117554,3.73201584815979,0.03636637702584267,0.03869613632559776,0.036603428423404694,0.06906154006719589,0.4116450250148773,0.4548926055431366,0.4200603663921356,0.5685563683509827,0.10173634439706802,0.10712455958127975,0.10246344655752182,0.17528802156448364,,,,,,,,,,,,,,,,,,,,,,,,,,,,,,,,,
10,999,,,,,,,,,,,,,,,,,,,0.0005000000237487257,0.0005000000237487257,3.232564267818816e-06,,,,,,,,,,,,,,,,,,,,,,,,,,,,,,
10,1049,,,,,,,,,,,,,,,,,,,0.0005000000237487257,0.0005000000237487257,3.232564267818816e-06,,,,,,,,,,,,,,,,,,,,,,,,,,,,,,
